seq,timestamp,method,status,mime,size,url
4,"2026-01-29T01:22:58.526Z","GET",304,"text/javascript",811,"https://snap-assets.al-pc-id-p.cdn.gtflabs.io/snap/v4/assets/snap-redirection-app.production.fb6cf3fda9a8a1a54174.js"
9,"2026-01-29T01:22:58.988Z","GET",200,"text/javascript",0,"https://snap-assets.al-pc-id-p.cdn.gtflabs.io/snap/newrelic-assets/nr-spa.production.min.js"
10,"2026-01-29T01:22:59.103Z","GET",200,"application/json",1656,"https://app.midtrans.com/snap/v1/transactions/79bd72b3-1ffe-405d-968d-8693e9b5aa5c"
11,"2026-01-29T01:22:59.106Z","POST",200,"application/json",505,"https://app.midtrans.com/snap/v1/promos/79bd72b3-1ffe-405d-968d-8693e9b5aa5c/search"
12,"2026-01-29T01:22:59.109Z","GET",200,"application/json",358,"https://app.midtrans.com/snap/v3/experiment?id=79bd72b3-1ffe-405d-968d-8693e9b5aa5c"
13,"2026-01-29T01:22:59.120Z","GET",0,"",0,"https://js-agent.newrelic.com/nr-spa-1.288.1.min.js"
14,"2026-01-29T01:22:59.147Z","POST",200,"application/proto",99,"https://snap-web-raccoon.gojekapi.com/api/v1/events"
17,"2026-01-29T01:22:59.152Z","GET",0,"",0,"https://js-agent.newrelic.com/nr-spa-1.288.1.min.js"
18,"2026-01-29T01:22:59.192Z","POST",202,"text/plain",40,"https://global.faro.katulampa.gopay.sh/collect"
20,"2026-01-29T01:22:59.233Z","POST",200,"application/proto",99,"https://snap-web-raccoon.gojekapi.com/api/v1/events"
29,"2026-01-29T01:23:00.057Z","POST",202,"text/plain",63,"https://global.faro.katulampa.gopay.sh/collect"
30,"2026-01-29T01:23:00.062Z","POST",202,"text/plain",40,"https://global.faro.katulampa.gopay.sh/collect"
39,"2026-01-29T01:23:05.669Z","GET",200,"application/json",519,"https://api.midtrans.com/v1/bins/52172930"
43,"2026-01-29T01:23:06.245Z","POST",202,"text/plain",40,"https://global.faro.katulampa.gopay.sh/collect"
45,"2026-01-29T01:23:09.114Z","POST",200,"application/proto",96,"https://snap-web-raccoon.gojekapi.com/api/v1/events"
47,"2026-01-29T01:23:09.247Z","POST",202,"text/plain",63,"https://global.faro.katulampa.gopay.sh/collect"
48,"2026-01-29T01:23:09.877Z","POST",200,"application/proto",96,"https://snap-web-raccoon.gojekapi.com/api/v1/events"
50,"2026-01-29T01:23:09.891Z","POST",200,"application/json",419,"https://api.midtrans.com/v2/token"
55,"2026-01-29T01:23:10.006Z","POST",202,"text/plain",43,"https://global.faro.katulampa.gopay.sh/collect"
56,"2026-01-29T01:23:10.031Z","POST",200,"application/proto",119,"https://snap-web-raccoon.gojekapi.com/api/v1/events"
57,"2026-01-29T01:23:10.036Z","POST",200,"application/json",748,"https://app.midtrans.com/snap/v2/transactions/79bd72b3-1ffe-405d-968d-8693e9b5aa5c/charge"
58,"2026-01-29T01:23:10.247Z","POST",202,"text/plain",63,"https://global.faro.katulampa.gopay.sh/collect"
59,"2026-01-29T01:23:10.870Z","POST",200,"application/proto",96,"https://snap-web-raccoon.gojekapi.com/api/v1/events"
61,"2026-01-29T01:23:10.912Z","POST",200,"application/proto",100,"https://snap-web-raccoon.gojekapi.com/api/v1/events"
62,"2026-01-29T01:23:10.998Z","POST",202,"text/plain",40,"https://global.faro.katulampa.gopay.sh/collect"
66,"2026-01-29T01:23:12.103Z","GET",0,"",0,"https://www.securesuite.co.uk/3ds2/js/dfp.js"
67,"2026-01-29T01:23:12.104Z","GET",200,"text/javascript",4828,"https://www.securesuite.co.uk/3ds2/js/wasm_fingerprint.js"
68,"2026-01-29T01:23:12.393Z","GET",200,"application/wasm",41952,"https://www.securesuite.co.uk/3ds2/js/wasm_fingerprint_bg.wasm"
69,"2026-01-29T01:23:12.401Z","GET",200,"image/gif",431,"https://www.securesuite.co.uk/3ds2/js/loading.gif"
71,"2026-01-29T01:23:13.582Z","POST",202,"text/plain",40,"https://global.faro.katulampa.gopay.sh/collect"
82,"2026-01-29T01:23:18.784Z","GET",200,"application/json",955,"https://app.midtrans.com/snap/v1/transactions/79bd72b3-1ffe-405d-968d-8693e9b5aa5c/status"
83,"2026-01-29T01:23:18.780Z","POST",200,"application/proto",96,"https://snap-web-raccoon.gojekapi.com/api/v1/events"
87,"2026-01-29T01:23:18.998Z","POST",202,"text/plain",63,"https://global.faro.katulampa.gopay.sh/collect"
89,"2026-01-29T01:23:19.056Z","POST",200,"application/proto",119,"https://snap-web-raccoon.gojekapi.com/api/v1/events"
90,"2026-01-29T01:23:19.106Z","POST",200,"application/proto",96,"https://snap-web-raccoon.gojekapi.com/api/v1/events"
91,"2026-01-29T01:23:19.254Z","POST",202,"text/plain",40,"https://global.faro.katulampa.gopay.sh/collect"
93,"2026-01-29T01:23:25.336Z","POST",200,"application/proto",96,"https://snap-web-raccoon.gojekapi.com/api/v1/events"
94,"2026-01-29T01:23:25.503Z","POST",202,"text/plain",40,"https://global.faro.katulampa.gopay.sh/collect"
