{"token":"79bd72b3-1ffe-405d-968d-8693e9b5aa5c","source":"pixel","service":null,"source_version":"3.2.2","is_mini_app_transaction":false,"transaction_details":{"order_id":"rR0cxGLyhjKQ1UG88TlHVaNp8","gross_amount":"108000","currency":"IDR"},"callbacks":{"finish":"https://pixel.midtrans.com/payments/redirect","error":"https://pixel.midtrans.com/payments/error"},"recommended_payment_method":"gopay","enable_customer_imposed_payment_fee":false,"customer_imposed_payment_fee_source":"PAYMENT_FEE_PREFERENCE","enabled_payments":[{"type":"bca_va","category":"bank_transfer","va_type":"CLOSED_AMOUNT","status":"up","minimum_amount":10000,"maximum_amount":20000000000,"enable_customer_imposed_payment_fee":false},{"type":"echannel","category":"bank_transfer","va_type":"B2C","status":"up","minimum_amount":1,"maximum_amount":50000000000,"enable_customer_imposed_payment_fee":false},{"type":"bni_va","category":"bank_transfer","va_type":"FIXED_PAYMENT","status":"up","minimum_amount":1,"enable_customer_imposed_payment_fee":false},{"type":"bri_va","category":"bank_transfer","va_type":"CLOSED_BILL","status":"up","minimum_amount":1,"maximum_amount":20000000000,"enable_customer_imposed_payment_fee":false},{"type":"permata_va","category":"bank_transfer","va_type":"B2C","status":"up","minimum_amount":1,"maximum_amount":9999999999,"enable_customer_imposed_payment_fee":false},{"type":"credit_card","status":"up","minimum_amount":1,"maximum_amount":999999999,"enable_customer_imposed_payment_fee":false},{"type":"gopay","mode":["deeplink"],"status":"up","minimum_amount":1,"maximum_amount":20000000,"enable_customer_imposed_payment_fee":false},{"type":"qris","acquirer":"gopay","status":"up","minimum_amount":1,"maximum_amount":10000000,"enable_customer_imposed_payment_fee":false},{"type":"shopeepay","status":"up","minimum_amount":1,"maximum_amount":20000000,"enable_customer_imposed_payment_fee":false},{"type":"qris","acquirer":"shopeepay","status":"up","minimum_amount":1,"maximum_amount":10000000,"enable_customer_imposed_payment_fee":false},{"type":"other_qris","processor":"gopay","status":"up","minimum_amount":1,"maximum_amount":10000000,"enable_customer_imposed_payment_fee":false},{"type":"indomaret","category":"cstore","status":"up","minimum_amount":10000,"maximum_amount":5000000,"enable_customer_imposed_payment_fee":false},{"type":"kredivo","status":"up","minimum_amount":1}],"feature_types":[],"credit_card":{"bank_routing":null,"secure":true,"save_card":false,"merchant_save_card":false,"whitelist_bins":[],"blacklist_bins":[]},"item_details":[{"name":"Invoice: rR0cxGLyhjKQ1UG88TlHVaNp8","price":"108000","quantity":1}],"customer_details":{"last_name":"Ilham","email":"diru768@gmail.com","phone":"+6282137021145","billing_address":{"last_name":"Ilham","email":"diru768@gmail.com","phone":"+6282137021145","address":",","city":"REMBANG","postal_code":"59262","country_code":"IDN"},"shipping_address":{"last_name":"Ilham","email":"diru768@gmail.com","phone":"+6282137021145","address":",","city":"REMBANG","postal_code":"59262","country_code":"IDN"}},"recurring":{"required":null,"start_time":null,"interval_unit":null},"expiry_time":"2026-01-30 01:20:45 +0000","merchant":{"preference":{"display_name":"matahari","finish_url":null,"error_url":null,"pending_url":null,"logo_url":"https://snap-assets.al-pc-id-p.cdn.gtflabs.io/snap/logos/M007918/thumb_retina_2022_Matahari_Playstore.png","ga_tracking_code":null,"vtweb_version":"Version 3","other_va_processor":"permata_va","color_scheme":"gray","locale":"id","brand_type":"logo","typography":"Poppins","header_color":"#002855","button_color":"#383942","input_border_radius":0,"button_border_radius":0,"hide_header":false,"hide_order_id":false,"use_theme":true},"merchant_id":"M007918","client_key":"VT-client-TksWxpC1AwGVdDYK","enabled_principles":["visa","mastercard","jcb","amex"],"point_banks":[],"acquiring_banks":["bca"],"priority_card_feature":"one_click","recurring_mid_is_active":false,"is_paycon_available":true,"allow_retry":true,"show_credit_card_customer_info":false,"notification_settings":{"callback_url":"https://www.matahari.com/checkout/onepage/success"},"payment_settings":{"gopay":{"gopay_intent":"EWALLET_QR_NOCREDIT"}}}}