{"meta":{"sdk":{"version":"2.0.2"},"app":{"name":"snap-checkout (production)","environment":"production"},"browser":{"name":"Chrome","version":"137.0.0.0","os":"Android 10","userAgent":"Mozilla/5.0 (Linux; Android 10; K) AppleWebKit/537.36 (KHTML, like Gecko) Chrome/137.0.0.0 Mobile Safari/537.36","language":"id","mobile":true,"brands":[{"brand":"Chromium","version":"137"},{"brand":"Not/A)Brand","version":"24"}],"viewportWidth":"412","viewportHeight":"821"},"page":{"url":"https://app.midtrans.com/snap/v4/redirection/79bd72b3-1ffe-405d-968d-8693e9b5aa5c#/credit-card"},"session":{"id":"vCannGfSij","overrides":{}}},"events":[{"name":"session_resume","domain":"browser","timestamp":"2026-01-29T01:22:59.007Z"},{"name":"securitypolicyviolation","domain":"browser","attributes":{"isTrusted":"true"},"timestamp":"2026-01-29T01:22:59.046Z"},{"name":"faro.performance.navigation","domain":"browser","attributes":{"name":"https://app.midtrans.com/snap/v4/redirection/79bd72b3-1ffe-405d-968d-8693e9b5aa5c#/credit-card","duration":"741","tcpHandshakeTime":"0","dnsLookupTime":"0","tlsNegotiationTime":"0","responseStatus":"200","redirectTime":"0","requestTime":"88","responseTime":"9","fetchTime":"112","serviceWorkerTime":"10","decodedBodySize":"954","encodedBodySize":"487","cacheHitStatus":"fullLoad","renderBlockingStatus":"non-blocking","protocol":"h2","initiatorType":"navigation","visibilityState":"visible","ttfb":"112","transferSize":"300","pageLoadTime":"725","documentParsingTime":"21","domProcessingTime":"583","domContentLoadHandlerTime":"1","onLoadTime":"4","type":"reload","faroNavigationId":"Qxj6LPjFSc","faroPreviousNavigationId":"ir8sDFeVvh"},"timestamp":"2026-01-29T01:22:58.382Z"}],"measurements":[{"type":"web-vitals","values":{"fcp":302.80000000004657,"delta":302.80000000004657,"first_byte_to_fcp":190.60000000009313,"time_to_first_byte":112.19999999995343},"timestamp":"2026-01-29T01:22:59.058Z","context":{"id":"v5-1769649778995-9225091368931","rating":"good","navigation_type":"reload","navigation_entry_id":"ir8sDFeVvh","load_state":"dom-interactive"}},{"type":"web-vitals","values":{"ttfb":112.19999999995343,"delta":112.19999999995343,"request_duration":102.5,"waiting_duration":9.699999999953434},"timestamp":"2026-01-29T01:22:59.134Z","context":{"id":"v5-1769649778996-3831612690740","rating":"good","navigation_type":"reload","navigation_entry_id":"Qxj6LPjFSc"}},{"type":"web-vitals","values":{"cls":0,"delta":0},"timestamp":"2026-01-29T01:22:59.184Z","context":{"id":"v5-1769649779057-6230942050067","rating":"good","navigation_type":"reload","navigation_entry_id":"Qxj6LPjFSc"}}]}