{"token":"79bd72b3-1ffe-405d-968d-8693e9b5aa5c","status_code":"202","transaction_id":"e104c3cc-eed0-4537-acf8-87497938fadb","custom_field3":"txn-source: pixel/v3.3.1","gross_amount":"108000.00","currency":"IDR","order_id":"rR0cxGLyhjKQ1UG88TlHVaNp8","payment_type":"credit_card","transaction_status":"deny","fraud_status":"accept","status_message":"3DS Authentication Denied","merchant_id":"M007918","transaction_time":"2026-01-29 08:23:09","expiry_time":"2026-02-06 08:23:09","bank":"bca","masked_card":"52172930-0924","card_type":"debit","channel":"mpgs","three_ds_version":"2","on_us":false,"challenge_completion":true,"eci":"00","finish_redirect_url":"https://pixel.midtrans.com/payments/error?order_id=rR0cxGLyhjKQ1UG88TlHVaNp8\u0026status_code=202\u0026transaction_status=deny"}