{"meta":{"sdk":{"version":"2.0.2"},"app":{"name":"snap-checkout (production)","environment":"production"},"browser":{"name":"Chrome","version":"137.0.0.0","os":"Android 10","userAgent":"Mozilla/5.0 (Linux; Android 10; K) AppleWebKit/537.36 (KHTML, like Gecko) Chrome/137.0.0.0 Mobile Safari/537.36","language":"id","mobile":true,"brands":[{"brand":"Chromium","version":"137"},{"brand":"Not/A)Brand","version":"24"}],"viewportWidth":"412","viewportHeight":"821"},"page":{"url":"https://app.midtrans.com/snap/v4/redirection/79bd72b3-1ffe-405d-968d-8693e9b5aa5c#/credit-card"},"session":{"id":"vCannGfSij","overrides":{}},"user":{"id":"79bd72b3-1ffe-405d-968d-8693e9b5aa5c","attributes":{"userId":"79bd72b3-1ffe-405d-968d-8693e9b5aa5c"}}},"events":[{"name":"faro.performance.resource","domain":"browser","attributes":{"name":"https://app.midtrans.com/snap/v1/transactions/79bd72b3-1ffe-405d-968d-8693e9b5aa5c","duration":"114","tcpHandshakeTime":"0","dnsLookupTime":"0","tlsNegotiationTime":"0","responseStatus":"200","redirectTime":"0","requestTime":"101","responseTime":"8","fetchTime":"114","serviceWorkerTime":"721","decodedBodySize":"4202","encodedBodySize":"1381","cacheHitStatus":"fullLoad","renderBlockingStatus":"non-blocking","protocol":"h2","initiatorType":"xmlhttprequest","visibilityState":"hidden","ttfb":"101","transferSize":"1681","faroNavigationId":"Qxj6LPjFSc","faroResourceId":"7yhnCo4kva"},"timestamp":"2026-01-29T01:22:59.103Z"},{"name":"faro.performance.resource","domain":"browser","attributes":{"name":"https://snap-web-raccoon.gojekapi.com/api/v1/events","duration":"47","tcpHandshakeTime":"0","dnsLookupTime":"0","tlsNegotiationTime":"0","responseStatus":"200","redirectTime":"0","requestTime":"0","responseTime":"897","fetchTime":"47","serviceWorkerTime":"850","decodedBodySize":"0","encodedBodySize":"0","cacheHitStatus":"fullLoad","renderBlockingStatus":"non-blocking","protocol":"","initiatorType":"fetch","visibilityState":"hidden","ttfb":"0","transferSize":"0","faroNavigationId":"Qxj6LPjFSc","faroResourceId":"iyrWiLmRGF"},"timestamp":"2026-01-29T01:22:59.232Z"}]}