{"meta":{"sdk":{"version":"2.0.2"},"app":{"name":"snap-checkout (production)","environment":"production"},"browser":{"name":"Chrome","version":"137.0.0.0","os":"Android 10","userAgent":"Mozilla/5.0 (Linux; Android 10; K) AppleWebKit/537.36 (KHTML, like Gecko) Chrome/137.0.0.0 Mobile Safari/537.36","language":"id","mobile":true,"brands":[{"brand":"Chromium","version":"137"},{"brand":"Not/A)Brand","version":"24"}],"viewportWidth":"412","viewportHeight":"821"},"page":{"url":"https://app.midtrans.com/snap/v4/redirection/79bd72b3-1ffe-405d-968d-8693e9b5aa5c#/credit-card"},"session":{"id":"vCannGfSij","overrides":{}},"user":{"id":"79bd72b3-1ffe-405d-968d-8693e9b5aa5c","attributes":{"userId":"79bd72b3-1ffe-405d-968d-8693e9b5aa5c"}}},"events":[{"name":"faro.performance.resource","domain":"browser","attributes":{"name":"https://snap-web-raccoon.gojekapi.com/api/v1/events","duration":"95","tcpHandshakeTime":"0","dnsLookupTime":"0","tlsNegotiationTime":"0","responseStatus":"200","redirectTime":"0","requestTime":"0","responseTime":"27049","fetchTime":"95","serviceWorkerTime":"26954","decodedBodySize":"0","encodedBodySize":"0","cacheHitStatus":"fullLoad","renderBlockingStatus":"non-blocking","protocol":"","initiatorType":"fetch","visibilityState":"visible","ttfb":"0","transferSize":"0","faroNavigationId":"Qxj6LPjFSc","faroResourceId":"KNUXLptF2E"},"timestamp":"2026-01-29T01:23:25.335Z"}]}