{"meta":{"sdk":{"version":"2.0.2"},"app":{"name":"snap-checkout (production)","environment":"production"},"browser":{"name":"Chrome","version":"137.0.0.0","os":"Android 10","userAgent":"Mozilla/5.0 (Linux; Android 10; K) AppleWebKit/537.36 (KHTML, like Gecko) Chrome/137.0.0.0 Mobile Safari/537.36","language":"id","mobile":true,"brands":[{"brand":"Chromium","version":"137"},{"brand":"Not/A)Brand","version":"24"}],"viewportWidth":"412","viewportHeight":"821"},"page":{"url":"https://app.midtrans.com/snap/v4/redirection/79bd72b3-1ffe-405d-968d-8693e9b5aa5c#/credit-card"},"session":{"id":"vCannGfSij","overrides":{}}},"events":[{"name":"faro.performance.resource","domain":"browser","attributes":{"name":"https://app.midtrans.com/snap/v1/promos/79bd72b3-1ffe-405d-968d-8693e9b5aa5c/search","duration":"105","tcpHandshakeTime":"0","dnsLookupTime":"0","tlsNegotiationTime":"0","responseStatus":"200","redirectTime":"0","requestTime":"82","responseTime":"9","fetchTime":"105","serviceWorkerTime":"724","decodedBodySize":"13","encodedBodySize":"39","cacheHitStatus":"fullLoad","renderBlockingStatus":"non-blocking","protocol":"h2","initiatorType":"xmlhttprequest","visibilityState":"hidden","ttfb":"82","transferSize":"339","faroNavigationId":"Qxj6LPjFSc","faroResourceId":"aEFrvzgpx4"},"timestamp":"2026-01-29T01:22:59.106Z"},{"name":"faro.performance.resource","domain":"browser","attributes":{"name":"https://app.midtrans.com/snap/v3/experiment?id=79bd72b3-1ffe-405d-968d-8693e9b5aa5c","duration":"98","tcpHandshakeTime":"0","dnsLookupTime":"0","tlsNegotiationTime":"0","responseStatus":"200","redirectTime":"0","requestTime":"73","responseTime":"13","fetchTime":"98","serviceWorkerTime":"727","decodedBodySize":"2","encodedBodySize":"28","cacheHitStatus":"fullLoad","renderBlockingStatus":"non-blocking","protocol":"h2","initiatorType":"xmlhttprequest","visibilityState":"hidden","ttfb":"73","transferSize":"328","faroNavigationId":"Qxj6LPjFSc","faroResourceId":"dCE2Epjk99"},"timestamp":"2026-01-29T01:22:59.109Z"},{"name":"faro.performance.resource","domain":"browser","attributes":{"name":"https://snap-web-raccoon.gojekapi.com/api/v1/events","duration":"64","tcpHandshakeTime":"0","dnsLookupTime":"0","tlsNegotiationTime":"0","responseStatus":"200","redirectTime":"0","requestTime":"0","responseTime":"829","fetchTime":"64","serviceWorkerTime":"765","decodedBodySize":"0","encodedBodySize":"0","cacheHitStatus":"fullLoad","renderBlockingStatus":"non-blocking","protocol":"","initiatorType":"fetch","visibilityState":"hidden","ttfb":"0","transferSize":"0","faroNavigationId":"Qxj6LPjFSc","faroResourceId":"pe1MLGGqAp"},"timestamp":"2026-01-29T01:22:59.147Z"}]}