{"status_code":"201","status_message":"Transaksi sedang diproses","transaction_id":"e104c3cc-eed0-4537-acf8-87497938fadb","order_id":"rR0cxGLyhjKQ1UG88TlHVaNp8","merchant_id":"M007918","gross_amount":"108000","currency":"IDR","payment_type":"credit_card","transaction_time":"2026-01-29 08:23:09","transaction_status":"pending","fraud_status":"accept","expiry_time":"2026-02-06 08:23:09","bank":"bca","redirect_url":"https://api.midtrans.com/v2/3ds/redirect/e104c3cc-eed0-4537-acf8-87497938fadb","masked_card":"52172930-0924","card_type":"debit","channel":"mpgs","three_ds_version":"2","on_us":false,"finish_redirect_url":"https://pixel.midtrans.com/payments/redirect?order_id=rR0cxGLyhjKQ1UG88TlHVaNp8\u0026status_code=201\u0026transaction_status=pending","finish_200_redirect_url":"https://pixel.midtrans.com/payments/redirect?order_id=rR0cxGLyhjKQ1UG88TlHVaNp8\u0026status_code=200\u0026transaction_status=capture","charge_type":"credit_card"}