{"meta":{"sdk":{"version":"2.0.2"},"app":{"name":"snap-checkout (production)","environment":"production"},"browser":{"name":"Chrome","version":"137.0.0.0","os":"Android 10","userAgent":"Mozilla/5.0 (Linux; Android 10; K) AppleWebKit/537.36 (KHTML, like Gecko) Chrome/137.0.0.0 Mobile Safari/537.36","language":"id","mobile":true,"brands":[{"brand":"Chromium","version":"137"},{"brand":"Not/A)Brand","version":"24"}],"viewportWidth":"412","viewportHeight":"821"},"page":{"url":"https://app.midtrans.com/snap/v4/redirection/79bd72b3-1ffe-405d-968d-8693e9b5aa5c#/credit-card"},"session":{"id":"vCannGfSij","overrides":{}},"user":{"id":"79bd72b3-1ffe-405d-968d-8693e9b5aa5c","attributes":{"userId":"79bd72b3-1ffe-405d-968d-8693e9b5aa5c"}}},"measurements":[{"type":"web-vitals","values":{"inp":96,"delta":96,"interaction_time":11471.399999999907,"presentation_delay":56.0999999998603,"input_delay":12.5,"processing_duration":27.4000000001397,"next_paint_time":11567.399999999907},"timestamp":"2026-01-29T01:23:13.577Z","context":{"id":"v5-1769649778995-5760305305980","rating":"good","navigation_type":"reload","navigation_entry_id":"Qxj6LPjFSc","load_state":"complete","interaction_target":"div.credit-card__button>div.card-pay-button-part.credit-card>button.btn.btn-theme.full.primary","interaction_type":"pointer"}}]}