{"meta":{"sdk":{"version":"2.0.2"},"app":{"name":"snap-checkout (production)","environment":"production"},"browser":{"name":"Chrome","version":"137.0.0.0","os":"Android 10","userAgent":"Mozilla/5.0 (Linux; Android 10; K) AppleWebKit/537.36 (KHTML, like Gecko) Chrome/137.0.0.0 Mobile Safari/537.36","language":"id","mobile":true,"brands":[{"brand":"Chromium","version":"137"},{"brand":"Not/A)Brand","version":"24"}],"viewportWidth":"412","viewportHeight":"821"},"page":{"url":"https://app.midtrans.com/snap/v4/redirection/79bd72b3-1ffe-405d-968d-8693e9b5aa5c#/credit-card"},"session":{"id":"vCannGfSij","overrides":{}},"user":{"id":"79bd72b3-1ffe-405d-968d-8693e9b5aa5c","attributes":{"userId":"79bd72b3-1ffe-405d-968d-8693e9b5aa5c"}}},"events":[{"name":"faro.performance.resource","domain":"browser","attributes":{"name":"https://app.midtrans.com/snap/v2/transactions/79bd72b3-1ffe-405d-968d-8693e9b5aa5c/charge","duration":"822","tcpHandshakeTime":"0","dnsLookupTime":"0","tlsNegotiationTime":"0","responseStatus":"200","redirectTime":"0","requestTime":"806","responseTime":"7","fetchTime":"822","serviceWorkerTime":"11654","decodedBodySize":"945","encodedBodySize":"449","cacheHitStatus":"fullLoad","renderBlockingStatus":"non-blocking","protocol":"h2","initiatorType":"xmlhttprequest","visibilityState":"visible","ttfb":"806","transferSize":"749","faroNavigationId":"Qxj6LPjFSc","faroResourceId":"18xfBjfNMV"},"timestamp":"2026-01-29T01:23:10.036Z"},{"name":"faro.performance.resource","domain":"browser","attributes":{"name":"https://snap-web-raccoon.gojekapi.com/api/v1/events","duration":"53","tcpHandshakeTime":"0","dnsLookupTime":"0","tlsNegotiationTime":"0","responseStatus":"200","redirectTime":"0","requestTime":"0","responseTime":"12542","fetchTime":"53","serviceWorkerTime":"12488","decodedBodySize":"0","encodedBodySize":"0","cacheHitStatus":"fullLoad","renderBlockingStatus":"non-blocking","protocol":"","initiatorType":"fetch","visibilityState":"visible","ttfb":"0","transferSize":"0","faroNavigationId":"Qxj6LPjFSc","faroResourceId":"SvKpCK6kZt"},"timestamp":"2026-01-29T01:23:10.870Z"},{"name":"faro.performance.resource","domain":"browser","attributes":{"name":"https://snap-web-raccoon.gojekapi.com/api/v1/events","duration":"62","tcpHandshakeTime":"0","dnsLookupTime":"0","tlsNegotiationTime":"0","responseStatus":"200","redirectTime":"0","requestTime":"0","responseTime":"12592","fetchTime":"62","serviceWorkerTime":"12530","decodedBodySize":"0","encodedBodySize":"0","cacheHitStatus":"fullLoad","renderBlockingStatus":"non-blocking","protocol":"","initiatorType":"fetch","visibilityState":"visible","ttfb":"0","transferSize":"0","faroNavigationId":"Qxj6LPjFSc","faroResourceId":"PVof4nN2Gm"},"timestamp":"2026-01-29T01:23:10.912Z"}]}