{"meta":{"sdk":{"version":"2.0.2"},"app":{"name":"snap-checkout (production)","environment":"production"},"browser":{"name":"Chrome","version":"137.0.0.0","os":"Android 10","userAgent":"Mozilla/5.0 (Linux; Android 10; K) AppleWebKit/537.36 (KHTML, like Gecko) Chrome/137.0.0.0 Mobile Safari/537.36","language":"id","mobile":true,"brands":[{"brand":"Chromium","version":"137"},{"brand":"Not/A)Brand","version":"24"}],"viewportWidth":"412","viewportHeight":"821"},"page":{"url":"https://app.midtrans.com/snap/v4/redirection/79bd72b3-1ffe-405d-968d-8693e9b5aa5c#/credit-card"},"session":{"id":"vCannGfSij","overrides":{}},"user":{"id":"79bd72b3-1ffe-405d-968d-8693e9b5aa5c","attributes":{"userId":"79bd72b3-1ffe-405d-968d-8693e9b5aa5c"}}},"events":[{"name":"faro.performance.resource","domain":"browser","attributes":{"name":"https://app.midtrans.com/snap/v1/transactions/79bd72b3-1ffe-405d-968d-8693e9b5aa5c/status","duration":"258","tcpHandshakeTime":"0","dnsLookupTime":"0","tlsNegotiationTime":"0","responseStatus":"200","redirectTime":"0","requestTime":"247","responseTime":"6","fetchTime":"258","serviceWorkerTime":"20402","decodedBodySize":"784","encodedBodySize":"493","cacheHitStatus":"fullLoad","renderBlockingStatus":"non-blocking","protocol":"h2","initiatorType":"xmlhttprequest","visibilityState":"visible","ttfb":"247","transferSize":"793","faroNavigationId":"Qxj6LPjFSc","faroResourceId":"ZqiJrgsK5c"},"timestamp":"2026-01-29T01:23:18.784Z"},{"name":"faro.performance.resource","domain":"browser","attributes":{"name":"https://snap-web-raccoon.gojekapi.com/api/v1/events","duration":"44","tcpHandshakeTime":"0","dnsLookupTime":"0","tlsNegotiationTime":"0","responseStatus":"200","redirectTime":"0","requestTime":"0","responseTime":"20718","fetchTime":"44","serviceWorkerTime":"20674","decodedBodySize":"0","encodedBodySize":"0","cacheHitStatus":"fullLoad","renderBlockingStatus":"non-blocking","protocol":"","initiatorType":"fetch","visibilityState":"visible","ttfb":"0","transferSize":"0","faroNavigationId":"Qxj6LPjFSc","faroResourceId":"U2NZ8dFdRG"},"timestamp":"2026-01-29T01:23:19.056Z"},{"name":"faro.performance.resource","domain":"browser","attributes":{"name":"https://snap-web-raccoon.gojekapi.com/api/v1/events","duration":"33","tcpHandshakeTime":"0","dnsLookupTime":"0","tlsNegotiationTime":"0","responseStatus":"200","redirectTime":"0","requestTime":"0","responseTime":"20757","fetchTime":"33","serviceWorkerTime":"20724","decodedBodySize":"0","encodedBodySize":"0","cacheHitStatus":"fullLoad","renderBlockingStatus":"non-blocking","protocol":"","initiatorType":"fetch","visibilityState":"visible","ttfb":"0","transferSize":"0","faroNavigationId":"Qxj6LPjFSc","faroResourceId":"qrM9hzas6w"},"timestamp":"2026-01-29T01:23:19.106Z"}]}